train_00000.jpg,happy
train_00001.jpg,happy
train_00002.jpg,neutral
train_00003.jpg,happy
train_00004.jpg,neutral
train_00005.jpg,happy
train_00006.jpg,fear
train_00007.jpg,surprise
train_00008.jpg,happy
train_00009.jpg,happy
train_00010.jpg,neutral
train_00011.jpg,neutral
train_00012.jpg,happy
train_00013.jpg,fear
train_00014.jpg,neutral
train_00015.jpg,neutral
train_00016.jpg,happy
train_00017.jpg,happy
train_00018.jpg,neutral
train_00019.jpg,happy
train_00020.jpg,happy
train_00021.jpg,happy
train_00022.jpg,happy
train_00023.jpg,neutral
train_00024.jpg,neutral
train_00025.jpg,happy
train_00026.jpg,fear
train_00027.jpg,happy
train_00028.jpg,happy
train_00029.jpg,happy
train_00030.jpg,happy
train_00031.jpg,fear
train_00032.jpg,neutral
train_00033.jpg,neutral
train_00034.jpg,neutral
train_00035.jpg,neutral
train_00036.jpg,happy
train_00037.jpg,fear
train_00038.jpg,happy
train_00039.jpg,surprise
train_00040.jpg,happy
train_00041.jpg,happy
train_00042.jpg,neutral
train_00043.jpg,happy
train_00044.jpg,surprise
train_00045.jpg,neutral
train_00046.jpg,happy
train_00047.jpg,happy
train_00048.jpg,happy
train_00049.jpg,neutral
train_00050.jpg,happy
train_00051.jpg,happy
train_00052.jpg,happy
train_00053.jpg,happy
train_00054.jpg,happy
train_00055.jpg,happy
train_00056.jpg,happy
train_00057.jpg,happy
train_00058.jpg,happy
train_00059.jpg,happy
train_00060.jpg,happy
train_00061.jpg,neutral
train_00062.jpg,neutral
train_00063.jpg,neutral
train_00064.jpg,fear
train_00065.jpg,happy
train_00066.jpg,neutral
train_00067.jpg,fear
train_00068.jpg,happy
train_00069.jpg,neutral
train_00070.jpg,neutral
train_00071.jpg,neutral
train_00072.jpg,happy
train_00073.jpg,neutral
train_00074.jpg,happy
train_00075.jpg,neutral
train_00076.jpg,neutral
train_00077.jpg,happy
train_00078.jpg,happy
train_00079.jpg,happy
train_00080.jpg,happy
train_00081.jpg,happy
train_00082.jpg,happy
train_00083.jpg,neutral
train_00084.jpg,neutral
train_00085.jpg,happy
train_00086.jpg,fear
train_00087.jpg,happy
train_00088.jpg,happy
train_00089.jpg,fear
train_00090.jpg,neutral
train_00091.jpg,surprise
train_00092.jpg,happy
train_00093.jpg,neutral
train_00094.jpg,happy
train_00095.jpg,happy
train_00096.jpg,happy
train_00097.jpg,happy
train_00098.jpg,happy
train_00099.jpg,neutral
train_00100.jpg,happy
train_00101.jpg,happy
train_00102.jpg,surprise
train_00103.jpg,happy
train_00104.jpg,happy
train_00105.jpg,surprise
train_00106.jpg,happy
train_00107.jpg,neutral
train_00108.jpg,happy
train_00109.jpg,happy
train_00110.jpg,happy
train_00111.jpg,happy
train_00112.jpg,fear
train_00113.jpg,neutral
train_00114.jpg,surprise
train_00115.jpg,happy
train_00116.jpg,happy
train_00117.jpg,fear
train_00118.jpg,happy
train_00119.jpg,fear
train_00120.jpg,neutral
train_00121.jpg,happy
train_00122.jpg,happy
train_00123.jpg,happy
train_00124.jpg,neutral
train_00125.jpg,neutral
train_00126.jpg,fear
train_00127.jpg,happy
train_00128.jpg,angry
train_00129.jpg,neutral
train_00130.jpg,happy
train_00131.jpg,happy
train_00132.jpg,neutral
train_00133.jpg,happy
train_00134.jpg,neutral
train_00135.jpg,neutral
train_00136.jpg,fear
train_00137.jpg,happy
train_00138.jpg,neutral
train_00139.jpg,happy
train_00140.jpg,neutral
train_00141.jpg,neutral
train_00142.jpg,happy
train_00143.jpg,fear
train_00144.jpg,happy
train_00145.jpg,surprise
train_00146.jpg,neutral
train_00147.jpg,happy
train_00148.jpg,neutral
train_00149.jpg,happy
train_00150.jpg,surprise
train_00151.jpg,happy
train_00152.jpg,neutral
train_00153.jpg,happy
train_00154.jpg,happy
train_00155.jpg,neutral
train_00156.jpg,happy
train_00157.jpg,sad
train_00158.jpg,neutral
train_00159.jpg,neutral
train_00160.jpg,happy
train_00161.jpg,happy
train_00162.jpg,happy
train_00163.jpg,neutral
train_00164.jpg,neutral
train_00165.jpg,happy
train_00166.jpg,neutral
train_00167.jpg,happy
train_00168.jpg,neutral
train_00169.jpg,happy
train_00170.jpg,happy
train_00171.jpg,fear
train_00172.jpg,happy
train_00173.jpg,neutral
train_00174.jpg,surprise
train_00175.jpg,surprise
train_00176.jpg,happy
train_00177.jpg,neutral
train_00178.jpg,neutral
train_00179.jpg,happy
train_00180.jpg,neutral
train_00181.jpg,surprise
train_00182.jpg,happy
train_00183.jpg,neutral
train_00184.jpg,happy
train_00185.jpg,sad
train_00186.jpg,surprise
train_00187.jpg,happy
train_00188.jpg,happy
train_00189.jpg,happy
train_00190.jpg,happy
train_00191.jpg,neutral
train_00192.jpg,happy
train_00193.jpg,happy
train_00194.jpg,happy
train_00195.jpg,fear
train_00196.jpg,happy
train_00197.jpg,happy
train_00198.jpg,neutral
train_00199.jpg,happy
train_00200.jpg,surprise
train_00201.jpg,angry
train_00202.jpg,neutral
train_00203.jpg,happy
train_00204.jpg,happy
train_00205.jpg,neutral
train_00206.jpg,angry
train_00207.jpg,happy
train_00208.jpg,happy
train_00209.jpg,happy
train_00210.jpg,neutral
train_00211.jpg,neutral
train_00212.jpg,neutral
train_00213.jpg,neutral
train_00214.jpg,neutral
train_00215.jpg,neutral
train_00216.jpg,happy
train_00217.jpg,neutral
train_00218.jpg,neutral
train_00219.jpg,happy
train_00220.jpg,happy
train_00221.jpg,happy
train_00222.jpg,fear
train_00223.jpg,happy
train_00224.jpg,neutral
train_00225.jpg,neutral
train_00226.jpg,neutral
train_00227.jpg,surprise
train_00228.jpg,happy
train_00229.jpg,neutral
train_00230.jpg,neutral
train_00231.jpg,neutral
train_00232.jpg,neutral
train_00233.jpg,happy
train_00234.jpg,sad
train_00235.jpg,neutral
train_00236.jpg,happy
train_00237.jpg,neutral
train_00238.jpg,fear
train_00239.jpg,happy
train_00240.jpg,happy
train_00241.jpg,happy
train_00242.jpg,happy
train_00243.jpg,happy
train_00244.jpg,happy
train_00245.jpg,happy
train_00246.jpg,surprise
train_00247.jpg,happy
train_00248.jpg,happy
train_00249.jpg,happy
train_00250.jpg,neutral
train_00251.jpg,happy
train_00252.jpg,neutral
train_00253.jpg,happy
train_00254.jpg,happy
train_00255.jpg,neutral
train_00256.jpg,happy
train_00257.jpg,fear
train_00258.jpg,happy
train_00259.jpg,neutral
train_00260.jpg,neutral
train_00261.jpg,happy
train_00262.jpg,happy
train_00263.jpg,neutral
train_00264.jpg,happy
train_00265.jpg,neutral
train_00266.jpg,happy
train_00267.jpg,happy
train_00268.jpg,happy
train_00269.jpg,surprise
train_00270.jpg,happy
train_00271.jpg,happy
train_00272.jpg,happy
train_00273.jpg,neutral
train_00274.jpg,neutral
train_00275.jpg,neutral
train_00276.jpg,happy
train_00277.jpg,neutral
train_00278.jpg,fear
train_00279.jpg,happy
train_00280.jpg,surprise
train_00281.jpg,happy
train_00282.jpg,neutral
train_00283.jpg,surprise
train_00284.jpg,neutral
train_00285.jpg,neutral
train_00286.jpg,happy
train_00287.jpg,happy
train_00288.jpg,neutral
train_00289.jpg,neutral
train_00290.jpg,neutral
train_00291.jpg,neutral
train_00292.jpg,happy
train_00293.jpg,happy
train_00294.jpg,neutral
train_00295.jpg,happy
train_00296.jpg,happy
train_00297.jpg,happy
train_00298.jpg,happy
train_00299.jpg,happy
train_00300.jpg,neutral
train_00301.jpg,happy
train_00302.jpg,neutral
train_00303.jpg,neutral
train_00304.jpg,neutral
train_00305.jpg,neutral
train_00306.jpg,happy
train_00307.jpg,happy
train_00308.jpg,neutral
train_00309.jpg,neutral
train_00310.jpg,neutral
train_00311.jpg,happy
train_00312.jpg,happy
train_00313.jpg,happy
train_00314.jpg,happy
train_00315.jpg,happy
train_00316.jpg,neutral
train_00317.jpg,neutral
train_00318.jpg,neutral
train_00319.jpg,neutral
train_00320.jpg,neutral
train_00321.jpg,surprise
train_00322.jpg,happy
train_00323.jpg,happy
train_00324.jpg,happy
train_00325.jpg,fear
train_00326.jpg,happy
train_00327.jpg,surprise
train_00328.jpg,neutral
train_00329.jpg,neutral
train_00330.jpg,happy
train_00331.jpg,neutral
train_00332.jpg,neutral
train_00333.jpg,neutral
train_00334.jpg,happy
train_00335.jpg,happy
train_00336.jpg,happy
train_00337.jpg,neutral
train_00338.jpg,happy
train_00339.jpg,neutral
train_00340.jpg,happy
train_00341.jpg,neutral
train_00342.jpg,happy
train_00343.jpg,fear
train_00344.jpg,happy
train_00345.jpg,neutral
train_00346.jpg,neutral
train_00347.jpg,happy
train_00348.jpg,happy
train_00349.jpg,neutral
train_00350.jpg,happy
train_00351.jpg,happy
train_00352.jpg,happy
train_00353.jpg,happy
train_00354.jpg,neutral
train_00355.jpg,neutral
train_00356.jpg,happy
train_00357.jpg,neutral
train_00358.jpg,happy
train_00359.jpg,neutral
train_00360.jpg,happy
train_00361.jpg,neutral
train_00362.jpg,happy
train_00363.jpg,surprise
train_00364.jpg,neutral
train_00365.jpg,neutral
train_00366.jpg,happy
train_00367.jpg,happy
train_00368.jpg,neutral
train_00369.jpg,happy
train_00370.jpg,neutral
train_00371.jpg,happy
train_00372.jpg,happy
train_00373.jpg,neutral
train_00374.jpg,happy
train_00375.jpg,happy
train_00376.jpg,neutral
train_00377.jpg,neutral
train_00378.jpg,happy
train_00379.jpg,neutral
train_00380.jpg,happy
train_00381.jpg,angry
train_00382.jpg,happy
train_00383.jpg,happy
train_00384.jpg,neutral
train_00385.jpg,neutral
train_00386.jpg,happy
train_00387.jpg,happy
train_00388.jpg,neutral
train_00389.jpg,neutral
train_00390.jpg,neutral
train_00391.jpg,neutral
train_00392.jpg,happy
train_00393.jpg,happy
train_00394.jpg,happy
train_00395.jpg,surprise
train_00396.jpg,happy
train_00397.jpg,neutral
train_00398.jpg,neutral
train_00399.jpg,happy
train_00400.jpg,happy
train_00401.jpg,neutral
train_00402.jpg,neutral
train_00403.jpg,neutral
train_00404.jpg,neutral
train_00405.jpg,happy
train_00406.jpg,neutral
train_00407.jpg,neutral
train_00408.jpg,neutral
train_00409.jpg,happy
train_00410.jpg,happy
train_00411.jpg,neutral
train_00412.jpg,neutral
train_00413.jpg,neutral
train_00414.jpg,happy
train_00415.jpg,fear
train_00416.jpg,neutral
train_00417.jpg,neutral
train_00418.jpg,happy
train_00419.jpg,neutral
train_00420.jpg,neutral
train_00421.jpg,neutral
train_00422.jpg,neutral
train_00423.jpg,neutral
train_00424.jpg,neutral
train_00425.jpg,fear
train_00426.jpg,happy
train_00427.jpg,happy
train_00428.jpg,happy
train_00429.jpg,neutral
train_00430.jpg,happy
train_00431.jpg,happy
train_00432.jpg,neutral
train_00433.jpg,neutral
train_00434.jpg,neutral
train_00435.jpg,neutral
train_00436.jpg,happy
train_00437.jpg,fear
train_00438.jpg,happy
train_00439.jpg,happy
train_00440.jpg,neutral
train_00441.jpg,happy
train_00442.jpg,happy
train_00443.jpg,happy
train_00444.jpg,neutral
train_00445.jpg,happy
train_00446.jpg,neutral
train_00447.jpg,fear
train_00448.jpg,happy
train_00449.jpg,neutral
train_00450.jpg,fear
train_00451.jpg,happy
train_00452.jpg,happy
train_00453.jpg,neutral
train_00454.jpg,happy
train_00455.jpg,happy
train_00456.jpg,happy
train_00457.jpg,happy
train_00458.jpg,happy
train_00459.jpg,neutral
train_00460.jpg,happy
train_00461.jpg,neutral
train_00462.jpg,happy
train_00463.jpg,happy
train_00464.jpg,happy
train_00465.jpg,happy
train_00466.jpg,fear
train_00467.jpg,fear
train_00468.jpg,happy
train_00469.jpg,happy
train_00470.jpg,happy
train_00471.jpg,happy
train_00472.jpg,happy
train_00473.jpg,neutral
train_00474.jpg,neutral
train_00475.jpg,surprise
train_00476.jpg,happy
train_00477.jpg,surprise
train_00478.jpg,neutral
train_00479.jpg,happy
train_00480.jpg,happy
train_00481.jpg,happy
train_00482.jpg,happy
train_00483.jpg,happy
train_00484.jpg,happy
train_00485.jpg,neutral
train_00486.jpg,angry
train_00487.jpg,happy
train_00488.jpg,happy
train_00489.jpg,happy
train_00490.jpg,happy
train_00491.jpg,neutral
train_00492.jpg,happy
train_00493.jpg,neutral
train_00494.jpg,happy
train_00495.jpg,neutral
train_00496.jpg,happy
train_00497.jpg,happy
train_00498.jpg,happy
train_00499.jpg,fear
train_00500.jpg,happy
train_00501.jpg,neutral
train_00502.jpg,happy
train_00503.jpg,neutral
train_00504.jpg,surprise
train_00505.jpg,happy
train_00506.jpg,neutral
train_00507.jpg,happy
train_00508.jpg,happy
train_00509.jpg,happy
train_00510.jpg,fear
train_00511.jpg,happy
train_00512.jpg,neutral
train_00513.jpg,happy
train_00514.jpg,neutral
train_00515.jpg,neutral
train_00516.jpg,happy
train_00517.jpg,happy
train_00518.jpg,happy
train_00519.jpg,happy
train_00520.jpg,happy
train_00521.jpg,neutral
train_00522.jpg,neutral
train_00523.jpg,happy
train_00524.jpg,happy
train_00525.jpg,happy
train_00526.jpg,neutral
train_00527.jpg,neutral
train_00528.jpg,happy
train_00529.jpg,happy
train_00530.jpg,neutral
train_00531.jpg,surprise
train_00532.jpg,neutral
train_00533.jpg,happy
train_00534.jpg,neutral
train_00535.jpg,neutral
train_00536.jpg,happy
train_00537.jpg,neutral
train_00538.jpg,happy
train_00539.jpg,happy
train_00540.jpg,happy
train_00541.jpg,happy
train_00542.jpg,neutral
train_00543.jpg,neutral
train_00544.jpg,neutral
train_00545.jpg,neutral
train_00546.jpg,fear
train_00547.jpg,surprise
train_00548.jpg,neutral
train_00549.jpg,happy
train_00550.jpg,happy
train_00551.jpg,neutral
train_00552.jpg,happy
train_00553.jpg,happy
train_00554.jpg,neutral
train_00555.jpg,neutral
train_00556.jpg,neutral
train_00557.jpg,neutral
train_00558.jpg,neutral
train_00559.jpg,happy
train_00560.jpg,neutral
train_00561.jpg,happy
train_00562.jpg,neutral
train_00563.jpg,happy
train_00564.jpg,happy
train_00565.jpg,sad
train_00566.jpg,happy
train_00567.jpg,neutral
train_00568.jpg,happy
train_00569.jpg,neutral
train_00570.jpg,neutral
train_00571.jpg,neutral
train_00572.jpg,neutral
train_00573.jpg,neutral
train_00574.jpg,neutral
train_00575.jpg,neutral
train_00576.jpg,happy
train_00577.jpg,neutral
train_00578.jpg,neutral
train_00579.jpg,happy
train_00580.jpg,happy
train_00581.jpg,neutral
train_00582.jpg,happy
train_00583.jpg,happy
train_00584.jpg,happy
train_00585.jpg,happy
train_00586.jpg,happy
train_00587.jpg,neutral
train_00588.jpg,happy
train_00589.jpg,happy
train_00590.jpg,neutral
train_00591.jpg,neutral
train_00592.jpg,happy
train_00593.jpg,happy
train_00594.jpg,happy
train_00595.jpg,neutral
train_00596.jpg,happy
train_00597.jpg,happy
train_00598.jpg,happy
train_00599.jpg,happy
train_00600.jpg,neutral
train_00601.jpg,neutral
train_00602.jpg,surprise
train_00603.jpg,happy
train_00604.jpg,fear
train_00605.jpg,happy
train_00606.jpg,neutral
train_00607.jpg,neutral
train_00608.jpg,neutral
train_00609.jpg,happy
train_00610.jpg,happy
train_00611.jpg,neutral
train_00612.jpg,happy
train_00613.jpg,neutral
train_00614.jpg,surprise
train_00615.jpg,happy
train_00616.jpg,neutral
train_00617.jpg,happy
train_00618.jpg,happy
train_00619.jpg,happy
train_00620.jpg,neutral
train_00621.jpg,neutral
train_00622.jpg,neutral
train_00623.jpg,happy
train_00624.jpg,happy
train_00625.jpg,happy
train_00626.jpg,neutral
train_00627.jpg,neutral
train_00628.jpg,happy
train_00629.jpg,happy
train_00630.jpg,neutral
train_00631.jpg,neutral
train_00632.jpg,happy
train_00633.jpg,neutral
train_00634.jpg,happy
train_00635.jpg,happy
train_00636.jpg,happy
train_00637.jpg,happy
train_00638.jpg,happy
train_00639.jpg,happy
train_00640.jpg,happy
train_00641.jpg,neutral
train_00642.jpg,happy
train_00643.jpg,happy
train_00644.jpg,happy
train_00645.jpg,neutral
train_00646.jpg,happy
train_00647.jpg,neutral
train_00648.jpg,happy
train_00649.jpg,neutral
train_00650.jpg,surprise
train_00651.jpg,happy
train_00652.jpg,happy
train_00653.jpg,neutral
train_00654.jpg,neutral
train_00655.jpg,fear
train_00656.jpg,happy
train_00657.jpg,happy
train_00658.jpg,happy
train_00659.jpg,happy
train_00660.jpg,neutral
train_00661.jpg,happy
train_00662.jpg,surprise
train_00663.jpg,neutral
train_00664.jpg,neutral
train_00665.jpg,happy
train_00666.jpg,neutral
train_00667.jpg,happy
train_00668.jpg,happy
train_00669.jpg,happy
train_00670.jpg,happy
train_00671.jpg,fear
train_00672.jpg,neutral
train_00673.jpg,happy
train_00674.jpg,happy
train_00675.jpg,neutral
train_00676.jpg,surprise
train_00677.jpg,happy
train_00678.jpg,neutral
train_00679.jpg,neutral
train_00680.jpg,neutral
train_00681.jpg,happy
train_00682.jpg,fear
train_00683.jpg,happy
train_00684.jpg,happy
train_00685.jpg,neutral
train_00686.jpg,happy
train_00687.jpg,happy
train_00688.jpg,neutral
train_00689.jpg,neutral
train_00690.jpg,happy
train_00691.jpg,happy
train_00692.jpg,happy
train_00693.jpg,happy
train_00694.jpg,happy
train_00695.jpg,happy
train_00696.jpg,happy
train_00697.jpg,neutral
train_00698.jpg,neutral
train_00699.jpg,surprise
train_00700.jpg,neutral
train_00701.jpg,happy
train_00702.jpg,fear
train_00703.jpg,neutral
train_00704.jpg,happy
train_00705.jpg,happy
train_00706.jpg,neutral
train_00707.jpg,happy
train_00708.jpg,neutral
train_00709.jpg,neutral
train_00710.jpg,surprise
train_00711.jpg,happy
train_00712.jpg,neutral
train_00713.jpg,neutral
train_00714.jpg,happy
train_00715.jpg,neutral
train_00716.jpg,neutral
train_00717.jpg,happy
train_00718.jpg,neutral
train_00719.jpg,happy
train_00720.jpg,surprise
train_00721.jpg,neutral
train_00722.jpg,happy
train_00723.jpg,neutral
train_00724.jpg,surprise
train_00725.jpg,neutral
train_00726.jpg,fear
train_00727.jpg,neutral
train_00728.jpg,happy
train_00729.jpg,angry
train_00730.jpg,happy
train_00731.jpg,happy
train_00732.jpg,neutral
train_00733.jpg,happy
train_00734.jpg,neutral
train_00735.jpg,happy
train_00736.jpg,neutral
train_00737.jpg,neutral
train_00738.jpg,happy
train_00739.jpg,neutral
train_00740.jpg,happy
train_00741.jpg,happy
train_00742.jpg,happy
train_00743.jpg,happy
train_00744.jpg,happy
train_00745.jpg,neutral
train_00746.jpg,happy
train_00747.jpg,happy
train_00748.jpg,happy
train_00749.jpg,neutral
train_00750.jpg,neutral
train_00751.jpg,fear
train_00752.jpg,happy
train_00753.jpg,neutral
train_00754.jpg,neutral
train_00755.jpg,happy
train_00756.jpg,neutral
train_00757.jpg,neutral
train_00758.jpg,surprise
train_00759.jpg,happy
train_00760.jpg,neutral
train_00761.jpg,happy
train_00762.jpg,neutral
train_00763.jpg,happy
train_00764.jpg,fear
train_00765.jpg,neutral
train_00766.jpg,neutral
train_00767.jpg,neutral
train_00768.jpg,happy
train_00769.jpg,happy
train_00770.jpg,sad
train_00771.jpg,neutral
train_00772.jpg,happy
train_00773.jpg,happy
train_00774.jpg,neutral
train_00775.jpg,happy
train_00776.jpg,happy
train_00777.jpg,happy
train_00778.jpg,neutral
train_00779.jpg,happy
train_00780.jpg,happy
train_00781.jpg,happy
train_00782.jpg,happy
train_00783.jpg,happy
train_00784.jpg,neutral
train_00785.jpg,surprise
train_00786.jpg,happy
train_00787.jpg,neutral
train_00788.jpg,neutral
train_00789.jpg,happy
train_00790.jpg,surprise
train_00791.jpg,neutral
train_00792.jpg,happy
train_00793.jpg,happy
train_00794.jpg,fear
train_00795.jpg,neutral
train_00796.jpg,neutral
train_00797.jpg,neutral
train_00798.jpg,happy
train_00799.jpg,happy
train_00800.jpg,happy
train_00801.jpg,neutral
train_00802.jpg,fear
train_00803.jpg,happy
train_00804.jpg,happy
train_00805.jpg,happy
train_00806.jpg,neutral
train_00807.jpg,happy
train_00808.jpg,neutral
train_00809.jpg,happy
train_00810.jpg,neutral
train_00811.jpg,neutral
train_00812.jpg,neutral
train_00813.jpg,neutral
train_00814.jpg,neutral
train_00815.jpg,neutral
train_00816.jpg,happy
train_00817.jpg,neutral
train_00818.jpg,happy
train_00819.jpg,neutral
train_00820.jpg,happy
train_00821.jpg,neutral
train_00822.jpg,happy
train_00823.jpg,happy
train_00824.jpg,neutral
train_00825.jpg,happy
train_00826.jpg,happy
train_00827.jpg,neutral
train_00828.jpg,happy
train_00829.jpg,neutral
train_00830.jpg,happy
train_00831.jpg,neutral
train_00832.jpg,happy
train_00833.jpg,happy
train_00834.jpg,neutral
train_00835.jpg,neutral
train_00836.jpg,fear
train_00837.jpg,happy
train_00838.jpg,happy
train_00839.jpg,neutral
train_00840.jpg,surprise
train_00841.jpg,happy
train_00842.jpg,happy
train_00843.jpg,happy
train_00844.jpg,happy
train_00845.jpg,happy
train_00846.jpg,neutral
train_00847.jpg,neutral
train_00848.jpg,surprise
train_00849.jpg,neutral
train_00850.jpg,neutral
train_00851.jpg,happy
train_00852.jpg,happy
train_00853.jpg,neutral
train_00854.jpg,surprise
train_00855.jpg,neutral
train_00856.jpg,happy
train_00857.jpg,fear
train_00858.jpg,happy
train_00859.jpg,neutral
train_00860.jpg,happy
train_00861.jpg,neutral
train_00862.jpg,happy
train_00863.jpg,surprise
train_00864.jpg,happy
train_00865.jpg,happy
train_00866.jpg,happy
train_00867.jpg,happy
train_00868.jpg,surprise
train_00869.jpg,happy
train_00870.jpg,neutral
train_00871.jpg,happy
train_00872.jpg,happy
train_00873.jpg,happy
train_00874.jpg,neutral
train_00875.jpg,neutral
train_00876.jpg,happy
train_00877.jpg,happy
train_00878.jpg,happy
train_00879.jpg,fear
train_00880.jpg,neutral
train_00881.jpg,happy
train_00882.jpg,happy
train_00883.jpg,neutral
train_00884.jpg,happy
train_00885.jpg,neutral
train_00886.jpg,neutral
train_00887.jpg,neutral
train_00888.jpg,fear
train_00889.jpg,happy
train_00890.jpg,neutral
train_00891.jpg,happy
train_00892.jpg,happy
train_00893.jpg,happy
train_00894.jpg,happy
train_00895.jpg,neutral
train_00896.jpg,neutral
train_00897.jpg,neutral
train_00898.jpg,neutral
train_00899.jpg,happy
train_00900.jpg,happy
train_00901.jpg,neutral
train_00902.jpg,happy
train_00903.jpg,neutral
train_00904.jpg,happy
train_00905.jpg,neutral
train_00906.jpg,neutral
train_00907.jpg,happy
train_00908.jpg,surprise
train_00909.jpg,neutral
train_00910.jpg,happy
train_00911.jpg,neutral
train_00912.jpg,surprise
train_00913.jpg,happy
train_00914.jpg,surprise
train_00915.jpg,happy
train_00916.jpg,happy
train_00917.jpg,happy
train_00918.jpg,happy
train_00919.jpg,happy
train_00920.jpg,fear
train_00921.jpg,happy
train_00922.jpg,neutral
train_00923.jpg,neutral
train_00924.jpg,happy
train_00925.jpg,happy
train_00926.jpg,fear
train_00927.jpg,happy
train_00928.jpg,surprise
train_00929.jpg,happy
train_00930.jpg,neutral
train_00931.jpg,happy
train_00932.jpg,happy
train_00933.jpg,happy
train_00934.jpg,happy
train_00935.jpg,neutral
train_00936.jpg,neutral
train_00937.jpg,happy
train_00938.jpg,happy
train_00939.jpg,happy
train_00940.jpg,happy
train_00941.jpg,happy
train_00942.jpg,neutral
train_00943.jpg,happy
train_00944.jpg,surprise
train_00945.jpg,happy
train_00946.jpg,happy
train_00947.jpg,fear
train_00948.jpg,happy
train_00949.jpg,neutral
train_00950.jpg,neutral
train_00951.jpg,happy
train_00952.jpg,neutral
train_00953.jpg,neutral
train_00954.jpg,neutral
train_00955.jpg,neutral
train_00956.jpg,neutral
train_00957.jpg,happy
train_00958.jpg,happy
train_00959.jpg,happy
train_00960.jpg,angry
train_00961.jpg,neutral
train_00962.jpg,neutral
train_00963.jpg,neutral
train_00964.jpg,neutral
train_00965.jpg,neutral
train_00966.jpg,happy
train_00967.jpg,happy
train_00968.jpg,neutral
train_00969.jpg,neutral
train_00970.jpg,happy
train_00971.jpg,happy
train_00972.jpg,happy
train_00973.jpg,neutral
train_00974.jpg,happy
train_00975.jpg,happy
train_00976.jpg,neutral
train_00977.jpg,neutral
train_00978.jpg,neutral
train_00979.jpg,neutral
train_00980.jpg,happy
train_00981.jpg,neutral
train_00982.jpg,happy
train_00983.jpg,happy
train_00984.jpg,happy
train_00985.jpg,happy
train_00986.jpg,happy
train_00987.jpg,surprise
train_00988.jpg,happy
train_00989.jpg,neutral
train_00990.jpg,neutral
train_00991.jpg,happy
train_00992.jpg,happy
train_00993.jpg,neutral
train_00994.jpg,happy
train_00995.jpg,happy
train_00996.jpg,neutral
train_00997.jpg,sad
train_00998.jpg,neutral
train_00999.jpg,happy
train_01000.jpg,happy
train_01001.jpg,happy
train_01002.jpg,neutral
train_01003.jpg,neutral
train_01004.jpg,happy
train_01005.jpg,neutral
train_01006.jpg,neutral
train_01007.jpg,neutral
train_01008.jpg,neutral
train_01009.jpg,happy
train_01010.jpg,neutral
train_01011.jpg,fear
train_01012.jpg,neutral
train_01013.jpg,neutral
train_01014.jpg,happy
train_01015.jpg,happy
train_01016.jpg,happy
train_01017.jpg,happy
train_01018.jpg,happy
train_01019.jpg,neutral
train_01020.jpg,neutral
train_01021.jpg,happy
train_01022.jpg,happy
train_01023.jpg,happy
train_01024.jpg,happy
train_01025.jpg,happy
train_01026.jpg,surprise
train_01027.jpg,happy
train_01028.jpg,happy
train_01029.jpg,neutral
train_01030.jpg,happy
train_01031.jpg,neutral
train_01032.jpg,happy
train_01033.jpg,neutral
train_01034.jpg,happy
train_01035.jpg,happy
train_01036.jpg,neutral
train_01037.jpg,happy
train_01038.jpg,neutral
train_01039.jpg,happy
train_01040.jpg,happy
train_01041.jpg,happy
train_01042.jpg,neutral
train_01043.jpg,neutral
train_01044.jpg,neutral
train_01045.jpg,happy
train_01046.jpg,happy
train_01047.jpg,happy
train_01048.jpg,happy
train_01049.jpg,happy
train_01050.jpg,happy
train_01051.jpg,neutral
train_01052.jpg,neutral
train_01053.jpg,neutral
train_01054.jpg,neutral
train_01055.jpg,fear
train_01056.jpg,happy
train_01057.jpg,neutral
train_01058.jpg,happy
train_01059.jpg,neutral
train_01060.jpg,happy
train_01061.jpg,happy
train_01062.jpg,surprise
train_01063.jpg,happy
train_01064.jpg,sad
train_01065.jpg,happy
train_01066.jpg,happy
train_01067.jpg,happy
train_01068.jpg,neutral
train_01069.jpg,happy
train_01070.jpg,neutral
train_01071.jpg,happy
train_01072.jpg,happy
train_01073.jpg,happy
train_01074.jpg,neutral
train_01075.jpg,neutral
train_01076.jpg,neutral
train_01077.jpg,happy
train_01078.jpg,happy
train_01079.jpg,neutral
train_01080.jpg,neutral
train_01081.jpg,happy
train_01082.jpg,neutral
train_01083.jpg,neutral
train_01084.jpg,happy
train_01085.jpg,happy
train_01086.jpg,happy
train_01087.jpg,neutral
train_01088.jpg,happy
train_01089.jpg,neutral
train_01090.jpg,happy
train_01091.jpg,happy
train_01092.jpg,neutral
train_01093.jpg,happy
train_01094.jpg,fear
train_01095.jpg,happy
train_01096.jpg,happy
train_01097.jpg,happy
train_01098.jpg,happy
train_01099.jpg,fear
train_01100.jpg,neutral
train_01101.jpg,happy
train_01102.jpg,neutral
train_01103.jpg,happy
train_01104.jpg,happy
train_01105.jpg,neutral
train_01106.jpg,happy
train_01107.jpg,happy
train_01108.jpg,neutral
train_01109.jpg,neutral
train_01110.jpg,neutral
train_01111.jpg,surprise
train_01112.jpg,neutral
train_01113.jpg,neutral
train_01114.jpg,happy
train_01115.jpg,happy
train_01116.jpg,happy
train_01117.jpg,happy
train_01118.jpg,happy
train_01119.jpg,happy
train_01120.jpg,happy
train_01121.jpg,happy
train_01122.jpg,neutral
train_01123.jpg,happy
train_01124.jpg,neutral
train_01125.jpg,happy
train_01126.jpg,neutral
train_01127.jpg,happy
train_01128.jpg,happy
train_01129.jpg,happy
train_01130.jpg,neutral
train_01131.jpg,happy
train_01132.jpg,fear
train_01133.jpg,neutral
train_01134.jpg,happy
train_01135.jpg,happy
train_01136.jpg,fear
train_01137.jpg,happy
train_01138.jpg,surprise
train_01139.jpg,happy
train_01140.jpg,angry
train_01141.jpg,happy
train_01142.jpg,happy
train_01143.jpg,happy
train_01144.jpg,happy
train_01145.jpg,angry
train_01146.jpg,neutral
train_01147.jpg,happy
train_01148.jpg,happy
train_01149.jpg,neutral
train_01150.jpg,happy
train_01151.jpg,neutral
train_01152.jpg,surprise
train_01153.jpg,neutral
train_01154.jpg,fear
train_01155.jpg,neutral
train_01156.jpg,happy
train_01157.jpg,neutral
train_01158.jpg,neutral
train_01159.jpg,surprise
train_01160.jpg,happy
train_01161.jpg,happy
train_01162.jpg,neutral
train_01163.jpg,neutral
train_01164.jpg,happy
train_01165.jpg,happy
train_01166.jpg,neutral
train_01167.jpg,neutral
train_01168.jpg,happy
train_01169.jpg,happy
train_01170.jpg,happy
train_01171.jpg,neutral
train_01172.jpg,neutral
train_01173.jpg,happy
train_01174.jpg,happy
train_01175.jpg,happy
train_01176.jpg,surprise
train_01177.jpg,neutral
train_01178.jpg,neutral
train_01179.jpg,happy
train_01180.jpg,happy
train_01181.jpg,fear
train_01182.jpg,happy
train_01183.jpg,happy
train_01184.jpg,happy
train_01185.jpg,neutral
train_01186.jpg,neutral
train_01187.jpg,happy
train_01188.jpg,neutral
train_01189.jpg,neutral
train_01190.jpg,happy
train_01191.jpg,happy
train_01192.jpg,neutral
train_01193.jpg,happy
train_01194.jpg,neutral
train_01195.jpg,happy
train_01196.jpg,neutral
train_01197.jpg,happy
train_01198.jpg,happy
train_01199.jpg,neutral
train_01200.jpg,happy
train_01201.jpg,happy
train_01202.jpg,happy
train_01203.jpg,neutral
train_01204.jpg,happy
train_01205.jpg,surprise
train_01206.jpg,neutral
train_01207.jpg,happy
train_01208.jpg,happy
train_01209.jpg,neutral
train_01210.jpg,neutral
train_01211.jpg,surprise
train_01212.jpg,neutral
train_01213.jpg,neutral
train_01214.jpg,surprise
train_01215.jpg,happy
train_01216.jpg,neutral
train_01217.jpg,neutral
train_01218.jpg,neutral
train_01219.jpg,happy
train_01220.jpg,fear
train_01221.jpg,neutral
train_01222.jpg,happy
train_01223.jpg,neutral
train_01224.jpg,happy
train_01225.jpg,happy
train_01226.jpg,fear
train_01227.jpg,happy
train_01228.jpg,happy
train_01229.jpg,happy
train_01230.jpg,happy
train_01231.jpg,happy
train_01232.jpg,neutral
train_01233.jpg,neutral
train_01234.jpg,neutral
train_01235.jpg,neutral
train_01236.jpg,neutral
train_01237.jpg,neutral
train_01238.jpg,neutral
train_01239.jpg,neutral
train_01240.jpg,happy
train_01241.jpg,neutral
train_01242.jpg,happy
train_01243.jpg,neutral
train_01244.jpg,happy
train_01245.jpg,happy
train_01246.jpg,surprise
train_01247.jpg,happy
train_01248.jpg,happy
train_01249.jpg,happy
train_01250.jpg,happy
train_01251.jpg,happy
train_01252.jpg,happy
train_01253.jpg,happy
train_01254.jpg,neutral
train_01255.jpg,fear
train_01256.jpg,happy
train_01257.jpg,happy
train_01258.jpg,happy
train_01259.jpg,happy
train_01260.jpg,neutral
train_01261.jpg,neutral
train_01262.jpg,happy
train_01263.jpg,neutral
train_01264.jpg,surprise
train_01265.jpg,happy
train_01266.jpg,surprise
train_01267.jpg,neutral
train_01268.jpg,neutral
train_01269.jpg,happy
train_01270.jpg,happy
train_01271.jpg,neutral
train_01272.jpg,neutral
train_01273.jpg,happy
train_01274.jpg,neutral
train_01275.jpg,surprise
train_01276.jpg,neutral
train_01277.jpg,happy
train_01278.jpg,fear
train_01279.jpg,happy
train_01280.jpg,happy
train_01281.jpg,happy
train_01282.jpg,happy
train_01283.jpg,neutral
train_01284.jpg,happy
train_01285.jpg,neutral
train_01286.jpg,neutral
train_01287.jpg,neutral
train_01288.jpg,happy
train_01289.jpg,neutral
train_01290.jpg,happy
train_01291.jpg,happy
train_01292.jpg,happy
train_01293.jpg,fear
train_01294.jpg,neutral
train_01295.jpg,neutral
train_01296.jpg,angry
train_01297.jpg,happy
train_01298.jpg,neutral
train_01299.jpg,neutral
train_01300.jpg,happy
train_01301.jpg,neutral
train_01302.jpg,happy
train_01303.jpg,happy
train_01304.jpg,neutral
train_01305.jpg,happy
train_01306.jpg,neutral
train_01307.jpg,neutral
train_01308.jpg,happy
train_01309.jpg,happy
train_01310.jpg,happy
train_01311.jpg,neutral
train_01312.jpg,happy
train_01313.jpg,happy
train_01314.jpg,neutral
train_01315.jpg,neutral
train_01316.jpg,surprise
train_01317.jpg,sad
train_01318.jpg,happy
train_01319.jpg,happy
train_01320.jpg,neutral
train_01321.jpg,neutral
train_01322.jpg,happy
train_01323.jpg,happy
train_01324.jpg,happy
train_01325.jpg,neutral
train_01326.jpg,happy
train_01327.jpg,happy
train_01328.jpg,happy
train_01329.jpg,happy
train_01330.jpg,neutral
train_01331.jpg,happy
train_01332.jpg,neutral
train_01333.jpg,neutral
train_01334.jpg,neutral
train_01335.jpg,neutral
train_01336.jpg,fear
train_01337.jpg,happy
train_01338.jpg,happy
train_01339.jpg,neutral
train_01340.jpg,happy
train_01341.jpg,neutral
train_01342.jpg,happy
train_01343.jpg,happy
train_01344.jpg,happy
train_01345.jpg,neutral
train_01346.jpg,surprise
train_01347.jpg,happy
train_01348.jpg,happy
train_01349.jpg,happy
train_01350.jpg,surprise
train_01351.jpg,neutral
train_01352.jpg,happy
train_01353.jpg,fear
train_01354.jpg,happy
train_01355.jpg,happy
train_01356.jpg,neutral
train_01357.jpg,neutral
train_01358.jpg,happy
train_01359.jpg,neutral
train_01360.jpg,neutral
train_01361.jpg,happy
train_01362.jpg,surprise
train_01363.jpg,neutral
train_01364.jpg,happy
train_01365.jpg,surprise
train_01366.jpg,neutral
train_01367.jpg,happy
train_01368.jpg,happy
train_01369.jpg,fear
train_01370.jpg,happy
train_01371.jpg,surprise
train_01372.jpg,happy
train_01373.jpg,neutral
train_01374.jpg,neutral
train_01375.jpg,happy
train_01376.jpg,happy
train_01377.jpg,fear
train_01378.jpg,neutral
train_01379.jpg,neutral
train_01380.jpg,neutral
train_01381.jpg,happy
train_01382.jpg,happy
train_01383.jpg,happy
train_01384.jpg,neutral
train_01385.jpg,happy
train_01386.jpg,happy
train_01387.jpg,happy
train_01388.jpg,happy
train_01389.jpg,neutral
train_01390.jpg,happy
train_01391.jpg,neutral
train_01392.jpg,fear
train_01393.jpg,neutral
train_01394.jpg,happy
train_01395.jpg,neutral
train_01396.jpg,happy
train_01397.jpg,surprise
train_01398.jpg,happy
train_01399.jpg,happy
train_01400.jpg,happy
train_01401.jpg,happy
train_01402.jpg,neutral
train_01403.jpg,happy
train_01404.jpg,neutral
train_01405.jpg,neutral
train_01406.jpg,happy
train_01407.jpg,happy
train_01408.jpg,happy
train_01409.jpg,surprise
train_01410.jpg,neutral
train_01411.jpg,neutral
train_01412.jpg,happy
train_01413.jpg,happy
train_01414.jpg,surprise
train_01415.jpg,happy
train_01416.jpg,neutral
train_01417.jpg,fear
train_01418.jpg,neutral
train_01419.jpg,happy
train_01420.jpg,surprise
train_01421.jpg,neutral
train_01422.jpg,happy
train_01423.jpg,neutral
train_01424.jpg,happy
train_01425.jpg,neutral
train_01426.jpg,neutral
train_01427.jpg,neutral
train_01428.jpg,happy
train_01429.jpg,neutral
train_01430.jpg,neutral
train_01431.jpg,happy
train_01432.jpg,neutral
train_01433.jpg,happy
train_01434.jpg,happy
train_01435.jpg,happy
train_01436.jpg,happy
train_01437.jpg,happy
train_01438.jpg,neutral
train_01439.jpg,neutral
train_01440.jpg,happy
train_01441.jpg,neutral
train_01442.jpg,happy
train_01443.jpg,neutral
train_01444.jpg,happy
train_01445.jpg,surprise
train_01446.jpg,neutral
train_01447.jpg,happy
train_01448.jpg,neutral
train_01449.jpg,neutral
train_01450.jpg,angry
train_01451.jpg,neutral
train_01452.jpg,happy
train_01453.jpg,happy
train_01454.jpg,fear
train_01455.jpg,happy
train_01456.jpg,neutral
train_01457.jpg,happy
train_01458.jpg,neutral
train_01459.jpg,happy
train_01460.jpg,happy
train_01461.jpg,surprise
train_01462.jpg,neutral
train_01463.jpg,neutral
train_01464.jpg,fear
train_01465.jpg,neutral
train_01466.jpg,neutral
train_01467.jpg,neutral
train_01468.jpg,happy
train_01469.jpg,happy
train_01470.jpg,fear
train_01471.jpg,neutral
train_01472.jpg,neutral
train_01473.jpg,happy
train_01474.jpg,neutral
train_01475.jpg,happy
train_01476.jpg,happy
train_01477.jpg,happy
train_01478.jpg,neutral
train_01479.jpg,happy
train_01480.jpg,happy
train_01481.jpg,happy
train_01482.jpg,happy
train_01483.jpg,happy
train_01484.jpg,neutral
train_01485.jpg,neutral
train_01486.jpg,happy
train_01487.jpg,happy
train_01488.jpg,happy
train_01489.jpg,neutral
train_01490.jpg,happy
train_01491.jpg,neutral
train_01492.jpg,neutral
train_01493.jpg,happy
train_01494.jpg,neutral
train_01495.jpg,neutral
train_01496.jpg,happy
train_01497.jpg,neutral
train_01498.jpg,happy
train_01499.jpg,happy
train_01500.jpg,happy
train_01501.jpg,neutral
train_01502.jpg,neutral
train_01503.jpg,angry
train_01504.jpg,neutral
train_01505.jpg,neutral
train_01506.jpg,happy
train_01507.jpg,neutral
train_01508.jpg,neutral
train_01509.jpg,happy
train_01510.jpg,happy
train_01511.jpg,happy
train_01512.jpg,neutral
train_01513.jpg,happy
train_01514.jpg,happy
train_01515.jpg,happy
train_01516.jpg,happy
train_01517.jpg,neutral
train_01518.jpg,neutral
train_01519.jpg,happy
train_01520.jpg,happy
train_01521.jpg,happy
train_01522.jpg,neutral
train_01523.jpg,neutral
train_01524.jpg,surprise
train_01525.jpg,happy
train_01526.jpg,happy
train_01527.jpg,happy
train_01528.jpg,happy
train_01529.jpg,happy
train_01530.jpg,neutral
train_01531.jpg,surprise
train_01532.jpg,happy
train_01533.jpg,happy
train_01534.jpg,happy
train_01535.jpg,neutral
train_01536.jpg,happy
train_01537.jpg,happy
train_01538.jpg,angry
train_01539.jpg,neutral
train_01540.jpg,happy
train_01541.jpg,neutral
train_01542.jpg,happy
train_01543.jpg,happy
train_01544.jpg,neutral
train_01545.jpg,happy
train_01546.jpg,neutral
train_01547.jpg,happy
train_01548.jpg,happy
train_01549.jpg,happy
train_01550.jpg,neutral
train_01551.jpg,surprise
train_01552.jpg,neutral
train_01553.jpg,neutral
train_01554.jpg,neutral
train_01555.jpg,neutral
train_01556.jpg,neutral
train_01557.jpg,neutral
train_01558.jpg,happy
train_01559.jpg,happy
train_01560.jpg,neutral
train_01561.jpg,neutral
train_01562.jpg,happy
train_01563.jpg,happy
train_01564.jpg,neutral
train_01565.jpg,happy
train_01566.jpg,neutral
train_01567.jpg,happy
train_01568.jpg,happy
train_01569.jpg,happy
train_01570.jpg,happy
train_01571.jpg,happy
train_01572.jpg,surprise
train_01573.jpg,neutral
train_01574.jpg,happy
train_01575.jpg,happy
train_01576.jpg,happy
train_01577.jpg,neutral
train_01578.jpg,neutral
train_01579.jpg,neutral
train_01580.jpg,happy
train_01581.jpg,neutral
train_01582.jpg,happy
train_01583.jpg,neutral
train_01584.jpg,happy
train_01585.jpg,neutral
train_01586.jpg,neutral
train_01587.jpg,happy
train_01588.jpg,happy
train_01589.jpg,happy
train_01590.jpg,neutral
train_01591.jpg,neutral
train_01592.jpg,neutral
train_01593.jpg,neutral
train_01594.jpg,happy
train_01595.jpg,neutral
train_01596.jpg,happy
train_01597.jpg,neutral
train_01598.jpg,neutral
train_01599.jpg,neutral
train_01600.jpg,happy
train_01601.jpg,happy
train_01602.jpg,neutral
train_01603.jpg,neutral
train_01604.jpg,happy
train_01605.jpg,neutral
train_01606.jpg,neutral
train_01607.jpg,fear
train_01608.jpg,happy
train_01609.jpg,neutral
train_01610.jpg,happy
train_01611.jpg,fear
train_01612.jpg,neutral
train_01613.jpg,neutral
train_01614.jpg,neutral
train_01615.jpg,neutral
train_01616.jpg,neutral
train_01617.jpg,happy
train_01618.jpg,happy
train_01619.jpg,happy
train_01620.jpg,happy
train_01621.jpg,neutral
train_01622.jpg,happy
train_01623.jpg,happy
train_01624.jpg,neutral
train_01625.jpg,happy
train_01626.jpg,happy
train_01627.jpg,neutral
train_01628.jpg,happy
train_01629.jpg,happy
train_01630.jpg,neutral
train_01631.jpg,neutral
train_01632.jpg,neutral
train_01633.jpg,neutral
train_01634.jpg,happy
train_01635.jpg,neutral
train_01636.jpg,happy
train_01637.jpg,neutral
train_01638.jpg,neutral
train_01639.jpg,surprise
train_01640.jpg,happy
train_01641.jpg,happy
train_01642.jpg,neutral
train_01643.jpg,fear
train_01644.jpg,happy
train_01645.jpg,neutral
train_01646.jpg,angry
train_01647.jpg,neutral
train_01648.jpg,neutral
train_01649.jpg,happy
train_01650.jpg,neutral
train_01651.jpg,happy
train_01652.jpg,happy
train_01653.jpg,neutral
train_01654.jpg,happy
train_01655.jpg,happy
train_01656.jpg,neutral
train_01657.jpg,happy
train_01658.jpg,happy
train_01659.jpg,neutral
train_01660.jpg,happy
train_01661.jpg,neutral
train_01662.jpg,neutral
train_01663.jpg,neutral
train_01664.jpg,happy
train_01665.jpg,surprise
train_01666.jpg,fear
train_01667.jpg,happy
train_01668.jpg,neutral
train_01669.jpg,happy
train_01670.jpg,happy
train_01671.jpg,happy
train_01672.jpg,neutral
train_01673.jpg,happy
train_01674.jpg,happy
train_01675.jpg,neutral
train_01676.jpg,happy
train_01677.jpg,neutral
train_01678.jpg,surprise
train_01679.jpg,happy
train_01680.jpg,neutral
train_01681.jpg,happy
train_01682.jpg,happy
train_01683.jpg,happy
train_01684.jpg,happy
train_01685.jpg,happy
train_01686.jpg,neutral
train_01687.jpg,neutral
train_01688.jpg,fear
train_01689.jpg,neutral
train_01690.jpg,neutral
train_01691.jpg,happy
train_01692.jpg,happy
train_01693.jpg,fear
train_01694.jpg,surprise
train_01695.jpg,neutral
train_01696.jpg,happy
train_01697.jpg,surprise
train_01698.jpg,happy
train_01699.jpg,happy
train_01700.jpg,happy
train_01701.jpg,happy
train_01702.jpg,fear
train_01703.jpg,angry
train_01704.jpg,happy
train_01705.jpg,happy
train_01706.jpg,neutral
train_01707.jpg,neutral
train_01708.jpg,happy
train_01709.jpg,happy
train_01710.jpg,happy
train_01711.jpg,happy
train_01712.jpg,neutral
train_01713.jpg,happy
train_01714.jpg,happy
train_01715.jpg,neutral
train_01716.jpg,neutral
train_01717.jpg,neutral
train_01718.jpg,neutral
train_01719.jpg,happy
train_01720.jpg,surprise
train_01721.jpg,neutral
train_01722.jpg,fear
train_01723.jpg,happy
train_01724.jpg,neutral
train_01725.jpg,happy
train_01726.jpg,happy
train_01727.jpg,neutral
train_01728.jpg,neutral
train_01729.jpg,neutral
train_01730.jpg,fear
train_01731.jpg,neutral
train_01732.jpg,happy
train_01733.jpg,neutral
train_01734.jpg,happy
train_01735.jpg,happy
train_01736.jpg,happy
train_01737.jpg,neutral
train_01738.jpg,neutral
train_01739.jpg,fear
train_01740.jpg,happy
train_01741.jpg,happy
train_01742.jpg,happy
train_01743.jpg,neutral
train_01744.jpg,surprise
train_01745.jpg,neutral
train_01746.jpg,happy
train_01747.jpg,neutral
train_01748.jpg,happy
train_01749.jpg,happy
train_01750.jpg,neutral
train_01751.jpg,neutral
train_01752.jpg,happy
train_01753.jpg,happy
train_01754.jpg,happy
train_01755.jpg,neutral
train_01756.jpg,happy
train_01757.jpg,neutral
train_01758.jpg,surprise
train_01759.jpg,neutral
train_01760.jpg,happy
train_01761.jpg,neutral
train_01762.jpg,happy
train_01763.jpg,happy
train_01764.jpg,surprise
train_01765.jpg,happy
train_01766.jpg,neutral
train_01767.jpg,neutral
train_01768.jpg,neutral
train_01769.jpg,neutral
train_01770.jpg,happy
train_01771.jpg,neutral
train_01772.jpg,happy
train_01773.jpg,happy
train_01774.jpg,neutral
train_01775.jpg,happy
train_01776.jpg,surprise
train_01777.jpg,happy
train_01778.jpg,happy
train_01779.jpg,happy
train_01780.jpg,happy
train_01781.jpg,happy
train_01782.jpg,happy
train_01783.jpg,neutral
train_01784.jpg,happy
train_01785.jpg,happy
train_01786.jpg,happy
train_01787.jpg,neutral
train_01788.jpg,neutral
train_01789.jpg,happy
train_01790.jpg,neutral
train_01791.jpg,happy
train_01792.jpg,fear
train_01793.jpg,neutral
train_01794.jpg,neutral
train_01795.jpg,neutral
train_01796.jpg,happy
train_01797.jpg,happy
train_01798.jpg,neutral
train_01799.jpg,happy
train_01800.jpg,surprise
train_01801.jpg,happy
train_01802.jpg,happy
train_01803.jpg,happy
train_01804.jpg,neutral
train_01805.jpg,happy
train_01806.jpg,neutral
train_01807.jpg,neutral
train_01808.jpg,happy
train_01809.jpg,happy
train_01810.jpg,happy
train_01811.jpg,happy
train_01812.jpg,happy
train_01813.jpg,neutral
train_01814.jpg,neutral
train_01815.jpg,happy
train_01816.jpg,happy
train_01817.jpg,happy
train_01818.jpg,neutral
train_01819.jpg,happy
train_01820.jpg,happy
train_01821.jpg,happy
train_01822.jpg,neutral
train_01823.jpg,fear
train_01824.jpg,happy
train_01825.jpg,happy
train_01826.jpg,neutral
train_01827.jpg,neutral
train_01828.jpg,neutral
train_01829.jpg,neutral
train_01830.jpg,neutral
train_01831.jpg,neutral
train_01832.jpg,happy
train_01833.jpg,neutral
train_01834.jpg,happy
train_01835.jpg,happy
train_01836.jpg,happy
train_01837.jpg,neutral
train_01838.jpg,happy
train_01839.jpg,fear
train_01840.jpg,neutral
train_01841.jpg,happy
train_01842.jpg,neutral
train_01843.jpg,happy
train_01844.jpg,happy
train_01845.jpg,neutral
train_01846.jpg,surprise
train_01847.jpg,happy
train_01848.jpg,neutral
train_01849.jpg,neutral
train_01850.jpg,happy
train_01851.jpg,happy
train_01852.jpg,happy
train_01853.jpg,happy
train_01854.jpg,happy
train_01855.jpg,happy
train_01856.jpg,neutral
train_01857.jpg,happy
train_01858.jpg,neutral
train_01859.jpg,happy
train_01860.jpg,happy
train_01861.jpg,happy
train_01862.jpg,happy
train_01863.jpg,happy
train_01864.jpg,happy
train_01865.jpg,happy
train_01866.jpg,neutral
train_01867.jpg,neutral
train_01868.jpg,neutral
train_01869.jpg,happy
train_01870.jpg,neutral
train_01871.jpg,happy
train_01872.jpg,neutral
train_01873.jpg,happy
train_01874.jpg,fear
train_01875.jpg,happy
train_01876.jpg,happy
train_01877.jpg,surprise
train_01878.jpg,surprise
train_01879.jpg,happy
train_01880.jpg,happy
train_01881.jpg,neutral
train_01882.jpg,neutral
train_01883.jpg,happy
train_01884.jpg,happy
train_01885.jpg,happy
train_01886.jpg,happy
train_01887.jpg,fear
train_01888.jpg,happy
train_01889.jpg,neutral
train_01890.jpg,neutral
train_01891.jpg,neutral
train_01892.jpg,neutral
train_01893.jpg,neutral
train_01894.jpg,happy
train_01895.jpg,neutral
train_01896.jpg,happy
train_01897.jpg,happy
train_01898.jpg,neutral
train_01899.jpg,neutral
train_01900.jpg,happy
train_01901.jpg,happy
train_01902.jpg,neutral
train_01903.jpg,happy
train_01904.jpg,fear
train_01905.jpg,happy
train_01906.jpg,happy
train_01907.jpg,neutral
train_01908.jpg,happy
train_01909.jpg,happy
train_01910.jpg,neutral
train_01911.jpg,surprise
train_01912.jpg,neutral
train_01913.jpg,happy
train_01914.jpg,happy
train_01915.jpg,happy
train_01916.jpg,happy
train_01917.jpg,surprise
train_01918.jpg,fear
train_01919.jpg,surprise
train_01920.jpg,angry
train_01921.jpg,happy
train_01922.jpg,happy
train_01923.jpg,happy
train_01924.jpg,neutral
train_01925.jpg,happy
train_01926.jpg,neutral
train_01927.jpg,neutral
train_01928.jpg,neutral
train_01929.jpg,happy
train_01930.jpg,happy
train_01931.jpg,neutral
train_01932.jpg,neutral
train_01933.jpg,surprise
train_01934.jpg,neutral
train_01935.jpg,happy
train_01936.jpg,happy
train_01937.jpg,fear
train_01938.jpg,happy
train_01939.jpg,happy
train_01940.jpg,neutral
train_01941.jpg,happy
train_01942.jpg,neutral
train_01943.jpg,happy
train_01944.jpg,neutral
train_01945.jpg,happy
train_01946.jpg,happy
train_01947.jpg,happy
train_01948.jpg,neutral
train_01949.jpg,neutral
train_01950.jpg,happy
train_01951.jpg,happy
train_01952.jpg,neutral
train_01953.jpg,neutral
train_01954.jpg,happy
train_01955.jpg,surprise
train_01956.jpg,happy
train_01957.jpg,neutral
train_01958.jpg,neutral
train_01959.jpg,neutral
train_01960.jpg,neutral
train_01961.jpg,neutral
train_01962.jpg,neutral
train_01963.jpg,fear
train_01964.jpg,neutral
train_01965.jpg,happy
train_01966.jpg,happy
train_01967.jpg,happy
train_01968.jpg,happy
train_01969.jpg,happy
train_01970.jpg,neutral
train_01971.jpg,happy
train_01972.jpg,neutral
train_01973.jpg,happy
train_01974.jpg,happy
train_01975.jpg,happy
train_01976.jpg,neutral
train_01977.jpg,happy
train_01978.jpg,happy
train_01979.jpg,neutral
train_01980.jpg,happy
train_01981.jpg,neutral
train_01982.jpg,happy
train_01983.jpg,happy
train_01984.jpg,neutral
train_01985.jpg,neutral
train_01986.jpg,neutral
train_01987.jpg,happy
train_01988.jpg,neutral
train_01989.jpg,neutral
train_01990.jpg,happy
train_01991.jpg,neutral
train_01992.jpg,neutral
train_01993.jpg,neutral
train_01994.jpg,happy
train_01995.jpg,neutral
train_01996.jpg,happy
train_01997.jpg,happy
train_01998.jpg,angry
train_01999.jpg,happy
train_02000.jpg,fear
train_02001.jpg,happy
train_02002.jpg,neutral
train_02003.jpg,happy
train_02004.jpg,happy
train_02005.jpg,happy
train_02006.jpg,happy
train_02007.jpg,happy
train_02008.jpg,happy
train_02009.jpg,neutral
train_02010.jpg,happy
train_02011.jpg,neutral
train_02012.jpg,neutral
train_02013.jpg,happy
train_02014.jpg,happy
train_02015.jpg,happy
train_02016.jpg,neutral
train_02017.jpg,happy
train_02018.jpg,happy
train_02019.jpg,fear
train_02020.jpg,happy
train_02021.jpg,happy
train_02022.jpg,neutral
train_02023.jpg,neutral
train_02024.jpg,neutral
train_02025.jpg,neutral
train_02026.jpg,happy
train_02027.jpg,fear
train_02028.jpg,neutral
train_02029.jpg,fear
train_02030.jpg,surprise
train_02031.jpg,happy
train_02032.jpg,happy
train_02033.jpg,neutral
train_02034.jpg,happy
train_02035.jpg,fear
train_02036.jpg,neutral
train_02037.jpg,neutral
train_02038.jpg,surprise
train_02039.jpg,neutral
train_02040.jpg,neutral
train_02041.jpg,happy
train_02042.jpg,neutral
train_02043.jpg,fear
train_02044.jpg,happy
train_02045.jpg,neutral
train_02046.jpg,surprise
train_02047.jpg,neutral
train_02048.jpg,happy
train_02049.jpg,happy
train_02050.jpg,neutral
train_02051.jpg,happy
train_02052.jpg,happy
train_02053.jpg,happy
train_02054.jpg,neutral
train_02055.jpg,happy
train_02056.jpg,happy
train_02057.jpg,happy
train_02058.jpg,neutral
train_02059.jpg,happy
train_02060.jpg,happy
train_02061.jpg,surprise
train_02062.jpg,happy
train_02063.jpg,happy
train_02064.jpg,happy
train_02065.jpg,neutral
train_02066.jpg,happy
train_02067.jpg,neutral
train_02068.jpg,happy
train_02069.jpg,fear
train_02070.jpg,happy
train_02071.jpg,neutral
train_02072.jpg,happy
train_02073.jpg,happy
train_02074.jpg,neutral
train_02075.jpg,surprise
train_02076.jpg,neutral
train_02077.jpg,happy
train_02078.jpg,neutral
train_02079.jpg,neutral
train_02080.jpg,happy
train_02081.jpg,neutral
train_02082.jpg,happy
train_02083.jpg,happy
train_02084.jpg,neutral
train_02085.jpg,fear
train_02086.jpg,sad
train_02087.jpg,neutral
train_02088.jpg,fear
train_02089.jpg,happy
train_02090.jpg,happy
train_02091.jpg,neutral
train_02092.jpg,happy
train_02093.jpg,happy
train_02094.jpg,happy
train_02095.jpg,happy
train_02096.jpg,neutral
train_02097.jpg,happy
train_02098.jpg,happy
train_02099.jpg,fear
train_02100.jpg,happy
train_02101.jpg,happy
train_02102.jpg,neutral
train_02103.jpg,happy
train_02104.jpg,neutral
train_02105.jpg,neutral
train_02106.jpg,neutral
train_02107.jpg,happy
train_02108.jpg,neutral
train_02109.jpg,happy
train_02110.jpg,neutral
train_02111.jpg,happy
train_02112.jpg,happy
train_02113.jpg,happy
train_02114.jpg,happy
train_02115.jpg,neutral
train_02116.jpg,neutral
train_02117.jpg,neutral
train_02118.jpg,neutral
train_02119.jpg,fear
train_02120.jpg,neutral
train_02121.jpg,happy
train_02122.jpg,neutral
train_02123.jpg,neutral
train_02124.jpg,happy
train_02125.jpg,happy
train_02126.jpg,neutral
train_02127.jpg,fear
train_02128.jpg,neutral
train_02129.jpg,surprise
train_02130.jpg,fear
train_02131.jpg,neutral
train_02132.jpg,happy
train_02133.jpg,neutral
train_02134.jpg,neutral
train_02135.jpg,happy
train_02136.jpg,happy
train_02137.jpg,happy
train_02138.jpg,neutral
train_02139.jpg,happy
train_02140.jpg,neutral
train_02141.jpg,surprise
train_02142.jpg,fear
train_02143.jpg,neutral
train_02144.jpg,surprise
train_02145.jpg,neutral
train_02146.jpg,happy
train_02147.jpg,neutral
train_02148.jpg,happy
train_02149.jpg,neutral
train_02150.jpg,fear
train_02151.jpg,happy
train_02152.jpg,happy
train_02153.jpg,happy
train_02154.jpg,neutral
train_02155.jpg,surprise
train_02156.jpg,neutral
train_02157.jpg,neutral
train_02158.jpg,happy
train_02159.jpg,neutral
train_02160.jpg,happy
train_02161.jpg,neutral
train_02162.jpg,happy
train_02163.jpg,neutral
train_02164.jpg,happy
train_02165.jpg,fear
train_02166.jpg,happy
train_02167.jpg,neutral
train_02168.jpg,happy
train_02169.jpg,neutral
train_02170.jpg,happy
train_02171.jpg,neutral
train_02172.jpg,happy
train_02173.jpg,happy
train_02174.jpg,happy
train_02175.jpg,happy
train_02176.jpg,fear
train_02177.jpg,neutral
train_02178.jpg,happy
train_02179.jpg,happy
train_02180.jpg,happy
train_02181.jpg,neutral
train_02182.jpg,neutral
train_02183.jpg,angry
train_02184.jpg,neutral
train_02185.jpg,happy
train_02186.jpg,happy
train_02187.jpg,fear
train_02188.jpg,happy
train_02189.jpg,neutral
train_02190.jpg,neutral
train_02191.jpg,neutral
train_02192.jpg,happy
train_02193.jpg,happy
train_02194.jpg,happy
train_02195.jpg,happy
train_02196.jpg,fear
train_02197.jpg,happy
train_02198.jpg,happy
train_02199.jpg,happy
train_02200.jpg,happy
train_02201.jpg,surprise
train_02202.jpg,happy
train_02203.jpg,happy
train_02204.jpg,neutral
train_02205.jpg,neutral
train_02206.jpg,happy
train_02207.jpg,happy
train_02208.jpg,fear
train_02209.jpg,happy
train_02210.jpg,happy
train_02211.jpg,neutral
train_02212.jpg,fear
train_02213.jpg,neutral
train_02214.jpg,happy
train_02215.jpg,neutral
train_02216.jpg,happy
train_02217.jpg,happy
train_02218.jpg,happy
train_02219.jpg,happy
train_02220.jpg,happy
train_02221.jpg,surprise
train_02222.jpg,happy
train_02223.jpg,happy
train_02224.jpg,happy
train_02225.jpg,neutral
train_02226.jpg,happy
train_02227.jpg,neutral
train_02228.jpg,neutral
train_02229.jpg,neutral
train_02230.jpg,neutral
train_02231.jpg,neutral
train_02232.jpg,happy
train_02233.jpg,neutral
train_02234.jpg,happy
train_02235.jpg,neutral
train_02236.jpg,fear
train_02237.jpg,neutral
train_02238.jpg,neutral
train_02239.jpg,happy
train_02240.jpg,neutral
train_02241.jpg,happy
train_02242.jpg,neutral
train_02243.jpg,happy
train_02244.jpg,happy
train_02245.jpg,neutral
train_02246.jpg,surprise
train_02247.jpg,fear
train_02248.jpg,neutral
train_02249.jpg,neutral
train_02250.jpg,angry
train_02251.jpg,happy
train_02252.jpg,fear
train_02253.jpg,happy
train_02254.jpg,happy
train_02255.jpg,happy
train_02256.jpg,neutral
train_02257.jpg,happy
train_02258.jpg,neutral
train_02259.jpg,neutral
train_02260.jpg,happy
train_02261.jpg,happy
train_02262.jpg,happy
train_02263.jpg,neutral
train_02264.jpg,fear
train_02265.jpg,happy
train_02266.jpg,neutral
train_02267.jpg,neutral
train_02268.jpg,happy
train_02269.jpg,happy
train_02270.jpg,happy
train_02271.jpg,happy
train_02272.jpg,neutral
train_02273.jpg,fear
train_02274.jpg,surprise
train_02275.jpg,happy
train_02276.jpg,happy
train_02277.jpg,happy
train_02278.jpg,happy
train_02279.jpg,surprise
train_02280.jpg,happy
train_02281.jpg,happy
train_02282.jpg,happy
train_02283.jpg,neutral
train_02284.jpg,neutral
train_02285.jpg,happy
train_02286.jpg,neutral
train_02287.jpg,happy
train_02288.jpg,neutral
train_02289.jpg,fear
train_02290.jpg,happy
train_02291.jpg,happy
train_02292.jpg,neutral
train_02293.jpg,neutral
train_02294.jpg,happy
train_02295.jpg,neutral
train_02296.jpg,neutral
train_02297.jpg,happy
train_02298.jpg,neutral
train_02299.jpg,happy
train_02300.jpg,happy
train_02301.jpg,happy
train_02302.jpg,fear
train_02303.jpg,neutral
train_02304.jpg,happy
train_02305.jpg,neutral
train_02306.jpg,happy
train_02307.jpg,neutral
train_02308.jpg,neutral
train_02309.jpg,happy
train_02310.jpg,neutral
train_02311.jpg,fear
train_02312.jpg,happy
train_02313.jpg,neutral
train_02314.jpg,neutral
train_02315.jpg,neutral
train_02316.jpg,neutral
train_02317.jpg,happy
train_02318.jpg,neutral
train_02319.jpg,neutral
train_02320.jpg,neutral
train_02321.jpg,happy
train_02322.jpg,happy
train_02323.jpg,neutral
train_02324.jpg,happy
train_02325.jpg,neutral
train_02326.jpg,neutral
train_02327.jpg,happy
train_02328.jpg,happy
train_02329.jpg,happy
train_02330.jpg,happy
train_02331.jpg,fear
train_02332.jpg,happy
train_02333.jpg,neutral
train_02334.jpg,neutral
train_02335.jpg,happy
train_02336.jpg,happy
train_02337.jpg,happy
train_02338.jpg,happy
train_02339.jpg,happy
train_02340.jpg,surprise
train_02341.jpg,happy
train_02342.jpg,neutral
train_02343.jpg,neutral
train_02344.jpg,happy
train_02345.jpg,happy
train_02346.jpg,neutral
train_02347.jpg,neutral
train_02348.jpg,happy
train_02349.jpg,happy
train_02350.jpg,happy
train_02351.jpg,happy
train_02352.jpg,neutral
train_02353.jpg,happy
train_02354.jpg,happy
train_02355.jpg,neutral
train_02356.jpg,happy
train_02357.jpg,happy
train_02358.jpg,happy
train_02359.jpg,neutral
train_02360.jpg,neutral
train_02361.jpg,happy
train_02362.jpg,neutral
train_02363.jpg,neutral
train_02364.jpg,happy
train_02365.jpg,angry
train_02366.jpg,happy
train_02367.jpg,surprise
train_02368.jpg,neutral
train_02369.jpg,neutral
train_02370.jpg,fear
train_02371.jpg,happy
train_02372.jpg,happy
train_02373.jpg,happy
train_02374.jpg,happy
train_02375.jpg,happy
train_02376.jpg,neutral
train_02377.jpg,happy
train_02378.jpg,happy
train_02379.jpg,neutral
train_02380.jpg,fear
train_02381.jpg,happy
train_02382.jpg,neutral
train_02383.jpg,surprise
train_02384.jpg,neutral
train_02385.jpg,happy
train_02386.jpg,neutral
train_02387.jpg,happy
train_02388.jpg,surprise
train_02389.jpg,happy
train_02390.jpg,happy
train_02391.jpg,happy
train_02392.jpg,neutral
train_02393.jpg,happy
train_02394.jpg,happy
train_02395.jpg,happy
train_02396.jpg,neutral
train_02397.jpg,fear
train_02398.jpg,neutral
train_02399.jpg,neutral
train_02400.jpg,neutral
train_02401.jpg,happy
train_02402.jpg,neutral
train_02403.jpg,neutral
train_02404.jpg,happy
train_02405.jpg,neutral
train_02406.jpg,neutral
train_02407.jpg,happy
train_02408.jpg,happy
train_02409.jpg,happy
train_02410.jpg,happy
train_02411.jpg,neutral
train_02412.jpg,neutral
train_02413.jpg,neutral
train_02414.jpg,happy
train_02415.jpg,surprise
train_02416.jpg,surprise
train_02417.jpg,happy
train_02418.jpg,happy
train_02419.jpg,happy
train_02420.jpg,happy
train_02421.jpg,neutral
train_02422.jpg,neutral
train_02423.jpg,neutral
train_02424.jpg,happy
train_02425.jpg,neutral
train_02426.jpg,happy
train_02427.jpg,neutral
